{"reward_std":0.4133414924144745,"pred_mean":0.48356154561042786,"epoch":0.043882978723404256,"pred_std":0.0523206889629364,"_timestamp":1.7532660331455112e+09,"_wandb":{"runtime":160},"_step":33,"_runtime":160.547578555,"lr":0.00025499999999999996,"grad_norm":2.156436455901712,"reward_mean":0.37890625,"batch_loss":0.17942863702774048}