{"pred_std":0.008026251569390297,"reward_std":0.6028112173080444,"reward_mean":0.20192308723926544,"train_loss":0.29243318840727295,"_wandb":{"runtime":39292},"_step":14687,"_runtime":39291.611924543,"lr":0.0003,"val_loss":0.28646557942471085,"grad_norm":0.847392731032869,"pred_mean":0.27758410573005676,"epoch":11,"_timestamp":1.7538193007241178e+09,"batch_loss":0.3407692015171051}