{"reward_mean":0.3499999940395355,"lr":0.0003,"_timestamp":1.7527304464342005e+09,"pred_std":0.012616421096026897,"_step":4099,"epoch":19,"batch_loss":0.24719181656837463,"grad_norm":1.2837931050744373,"train_loss":0.1567518879823825,"_wandb":{"runtime":5404},"pred_mean":0.4254608154296875,"reward_std":0.547722578048706,"_runtime":5404.22485003,"val_loss":0.14186916143997855}