{"pred_mean":0.40120190382003784,"_wandb":{"runtime":6},"reward_std":0.36799004673957825,"batch_loss":0.2917517423629761,"_timestamp":1.7529062621215503e+09,"_runtime":5.021413493,"grad_norm":1.6681274492293596,"epoch":0.004901960784313725,"_step":1,"pred_std":0.06812038272619247,"lr":1.4999999999999999e-05,"reward_mean":0.8125}