{"_step":2664,"pred_mean":0.8791648149490356,"reward_std":0.287771612405777,"train_loss":0.07491503372861474,"_timestamp":1.7529098717366924e+09,"batch_loss":0.07260922342538834,"epoch":12,"lr":0.0003,"pred_std":0.00725178886204958,"reward_mean":0.800000011920929,"grad_norm":0.5629268852935638,"_wandb":{"runtime":3488},"_runtime":3487.807115737,"val_loss":0.07351104202477829}