{"train/learning_rate":4.897007207649295e-09,"train/grad_norm":0.5381215214729309,"train_samples_per_second":0.635,"total_flos":0,"_runtime":151460.201493731,"eval/loss":0.052040670067071915,"_wandb":{"runtime":151470},"train_runtime":151460.8005,"train_steps_per_second":0.02,"eval/steps_per_second":0.26,"eval/runtime":1285.8527,"train/epoch":4,"train_loss":0.03956024412145006,"train/loss":0.0073,"train/global_step":3008,"_timestamp":1.753821696540369e+09,"eval/samples_per_second":2.078,"_step":75}