{"batch_loss":0.24719181656837463,"pred_mean":0.4254608154296875,"pred_std":0.012616421096026897,"_wandb":{"runtime":5586},"epoch":19,"_timestamp":1.752737334981978e+09,"_runtime":5586.558834022,"lr":0.0003,"grad_norm":1.2837931050744373,"train_loss":0.1567518879823825,"val_loss":0.14186916143997855,"reward_std":0.547722578048706,"reward_mean":0.3499999940395355,"_step":4099}