{"train/learning_rate":4.897007207649295e-09,"train_steps_per_second":0.039,"eval/samples_per_second":9.157,"train/loss":0.0508,"train_runtime":77870.2803,"eval/loss":0.21051231026649475,"eval/runtime":291.7939,"eval/steps_per_second":1.145,"_wandb":{"runtime":77879},"total_flos":0,"train/global_step":3008,"train_samples_per_second":1.235,"train/epoch":4,"_step":75,"_timestamp":1.7533509927917151e+09,"train_loss":0.15696171147035473,"train/grad_norm":0.8291224837303162,"_runtime":77869.679741919}