{"reward_std":0.4985794126987457,"pred_mean":0.7513532638549805,"_wandb":{"runtime":782},"lr":0.0003,"grad_norm":1.8230665466981009,"batch_loss":0.27149370312690735,"pred_std":0.02839379757642746,"_step":297,"_runtime":781.733273744,"reward_mean":0.8842562437057495,"epoch":0.3949468085106383,"_timestamp":1.7532660150412645e+09}