{"_wandb":{"runtime":413},"val_loss":0.710472583770752,"_step":43,"batch_loss":0.625329852104187,"lr":0.0005,"train_loss":0.6546710968017578,"_timestamp":1.750742092272529e+09,"grad_norm":0.5484460422740085,"epoch":3,"_runtime":413.259470363}