{"train_loss":0.07491503372861474,"_step":2664,"pred_mean":0.8791648149490356,"batch_loss":0.07260922342538834,"_wandb":{"runtime":3491},"val_loss":0.07351104202477829,"_runtime":3491.048414111,"reward_std":0.287771612405777,"reward_mean":0.800000011920929,"lr":0.0003,"_timestamp":1.7528167104943192e+09,"grad_norm":0.5629268852935638,"epoch":12,"pred_std":0.00725178886204958}