{"_timestamp":1.7507458377536073e+09,"_runtime":414.449497533,"grad_norm":0.2099823773241951,"train_loss":0.0921447977423668,"_wandb":{"runtime":414},"batch_loss":0.06003105640411377,"lr":0.0005,"_step":43,"val_loss":0.06738356500864029,"epoch":3}