{"_runtime":128666.472151727,"train/learning_rate":5.265233993445584e-09,"eval/loss":0.05226108804345131,"train_samples_per_second":0.561,"train/loss":0.0201,"train_runtime":128667.1053,"_step":56,"eval/runtime":669.9077,"train_steps_per_second":0.018,"_wandb":{"runtime":128680},"train/epoch":3,"_timestamp":1.7538258294555728e+09,"eval/steps_per_second":0.499,"train/grad_norm":1.1447750329971313,"eval/samples_per_second":3.989,"total_flos":0,"train_loss":0.04690331346454456,"train/global_step":2256}