{"_wandb":{"runtime":414},"epoch":3,"val_loss":0.5369464159011841,"grad_norm":0.36044201243203133,"lr":0.0005,"_timestamp":1.7507434949938717e+09,"batch_loss":0.5734893083572388,"_step":43,"train_loss":0.5896948575973511,"_runtime":414.046828551}