{"eval/runtime":310.6646,"total_flos":0,"train/global_step":2256,"train/learning_rate":5.265233993445584e-09,"train/loss":0.0661,"eval/loss":0.13750094175338745,"train/grad_norm":0.7593020796775818,"eval/steps_per_second":1.075,"train_runtime":30621.6122,"train/epoch":3,"_timestamp":1.7537279238117173e+09,"train_samples_per_second":2.356,"eval/samples_per_second":8.601,"_step":56,"_wandb":{"runtime":30652},"_runtime":30621.00556116,"train_steps_per_second":0.074,"train_loss":0.11546712096595595}