{"epoch":19,"train_loss":0.1560841140317473,"pred_std":0.005234458949416876,"_wandb":{"runtime":60109},"lr":0.0003,"batch_loss":0.17130059003829956,"_timestamp":1.753326441077196e+09,"reward_std":0.4119788408279419,"val_loss":0.154058379520263,"pred_mean":0.39952099323272705,"reward_mean":0.5078125,"grad_norm":1.0817403473029117,"_runtime":60108.782097506,"_step":15059}