{"train_runtime":151310.6529,"train/loss":0.0255,"_timestamp":1.7538214279603722e+09,"train/learning_rate":4.897007207649295e-09,"eval/samples_per_second":2.068,"train_samples_per_second":0.636,"train/global_step":3008,"_runtime":151310.039507374,"train/grad_norm":0.8531765341758728,"total_flos":0,"_step":75,"_wandb":{"runtime":151320},"train_loss":0.09828735273232327,"train/epoch":4,"eval/loss":0.14511501789093018,"eval/runtime":1292.0304,"eval/steps_per_second":0.259,"train_steps_per_second":0.02}