{"batch_loss":0.08147426694631577,"lr":0,"_step":251,"grad_norm":1.683242852508556,"train_loss":0.11408625998430783,"_wandb":{"runtime":928},"_runtime":927.696131943,"epoch":8,"_timestamp":1.7507578963131347e+09,"val_loss":0.1409175917506218}