{"_wandb":{"runtime":33},"grad_norm":1.929265686776489,"_timestamp":1.7509008620870838e+09,"_runtime":29.614755122,"_step":7,"batch_loss":0.18260371685028076,"epoch":0.25925925925925924,"lr":0.00018181818181818183}