{"reward_mean":0.695493757724762,"reward_std":0.4779241383075714,"_timestamp":1.753342656650855e+09,"_step":15059,"_runtime":76187.329795989,"pred_std":0.0053679258562624454,"train_loss":0.2572714484871385,"val_loss":0.2551999594129267,"batch_loss":0.21790091693401337,"grad_norm":0.5898750009105242,"_wandb":{"runtime":76187},"pred_mean":0.750208854675293,"lr":0.0003,"epoch":19}