{"train_steps_per_second":0.018,"train_samples_per_second":0.56,"eval/samples_per_second":3.991,"train_runtime":128786.6864,"total_flos":0,"_runtime":128786.085791241,"train/epoch":3,"train/grad_norm":1.2867286205291748,"train/global_step":2256,"eval/loss":0.19802115857601166,"train/learning_rate":5.265233993445584e-09,"train_loss":0.1846022531125985,"train/loss":0.1063,"_step":56,"_timestamp":1.7538257814001114e+09,"eval/steps_per_second":0.499,"_wandb":{"runtime":128801},"eval/runtime":669.5324}