{"_wandb":{"runtime":83102},"pred_mean":0.6952304244041443,"pred_std":0.011656028218567371,"reward_std":0.7244582772254944,"_step":14687,"batch_loss":0.4996608793735504,"_runtime":83101.691719246,"epoch":11,"grad_norm":1.0797022837473378,"reward_mean":0.5769230723381042,"_timestamp":1.7537888203271246e+09,"val_loss":0.33546817532795314,"lr":0.0003,"train_loss":0.3360751147579192}