{"batch_loss":0.10977505892515182,"_runtime":414.746604944,"grad_norm":0.6040862531226594,"epoch":3,"val_loss":0.12301966920495033,"_wandb":{"runtime":414},"_timestamp":1.7507412019908671e+09,"_step":43,"lr":0.0005,"train_loss":0.11595105305314064}