{"val_loss":0.08551212692899364,"_step":6776,"grad_norm":0.42569146053210716,"pred_std":0.006109408102929592,"_wandb":{"runtime":38362},"lr":0.0003,"epoch":8,"train_loss":0.08221454018518884,"reward_mean":0.78125,"_timestamp":1.7533044928573685e+09,"_runtime":38362.000468124,"batch_loss":0.12485504895448685,"pred_mean":0.8379787802696228,"reward_std":0.3608438968658447}