{"grad_norm":0.5544774922163924,"val_loss":0.07263895248373349,"_step":531,"_timestamp":1.7507592023707142e+09,"_wandb":{"runtime":1957},"_runtime":1956.712386187,"batch_loss":0.03990046679973602,"epoch":18,"lr":0,"train_loss":0.09017256467982575}