{"_timestamp":1.7537886383689206e+09,"_runtime":83098.599196773,"_step":14687,"val_loss":0.46508878579034524,"epoch":11,"grad_norm":1.0742164425992087,"train_loss":0.4717271700440521,"pred_std":0.008750290609896183,"_wandb":{"runtime":83098},"batch_loss":0.5509229302406311,"lr":0.0003,"reward_mean":0.5371845960617065,"reward_std":0.7689884305000305,"pred_mean":0.6167699694633484}